state_abbrev,cities,population,crime_rate_per_100k
PA,"Abington Township, Montgomery County",55731,7810.913136315516
OR,Albany,51084,12446.167097329888
LA,Alexandria,48449,37873.43392020475
CA,Aliso Viejo,48999,3815.383987428315
FL,Altamonte Springs,42296,16042.888216379799
PA,Altoona,46404,9901.086113266098
IA,Ames,59271,8721.803242732534
IN,Anderson,56132,19867.989738473596
IA,Ankeny,46482,6276.192934899531
FL,Apopka,43046,15780.328021186635
MN,Apple Valley,49827,9135.007124651293
CA,Arcadia,57295,8803.560520115194
MA,Arlington,43675,5934.745277618775
MA,Attleboro,44033,12419.094769831718
AL,Auburn,54785,13666.879620334035
CA,Azusa,47111,12831.82271656301
MA,Barnstable,45570,14947.333772218566
IL,Bartlett,41477,4045.6156424042233
TN,Bartlett,55510,5906.32318501171
OH,Beavercreek,45563,10578.320128174177
TX,Bedford,48763,12397.924655989169
CA,Bell Gardens,42769,9326.615071664055
NE,Bellevue,51678,8963.969193854251
IL,Berwyn,56933,9527.163507983068
MA,Beverly,40150,8845.82814445828
MA,Billerica,41016,6229.520187244002
MS,Biloxi,45037,24206.763327930363
NY,Binghamton,47250,23748.359788359787
VA,Blacksburg,43070,5541.676340840493
MN,Blaine,57953,11564.371128328126
MI,Bloomfield Township,41367,5539.923127130321
NJ,Bloomfield,47620,10716.085678286434
MO,Blue Springs,52848,13570.239176506208
OH,Boardman,40608,21115.789992119782
UT,Bountiful,43888,10144.230769230771
MD,Bowie,55765,6334.797812247825
KY,Bowling Green,59043,18438.934335992413
FL,Bradenton,50878,18288.258186249463
CA,Brea,40253,16860.85509154597
CA,Brentwood,52811,9207.930166063888
NJ,Bridgewater Township,44884,6631.539078513503
PA,Bristol Township,54796,12229.17731221257
MA,Brookline,59658,4973.51570619196
CO,Broomfield,58145,7352.996818299081
AZ,Buckeye,52213,10461.379349970313
IL,Buffalo Grove,41687,4339.0025667474265
AZ,Bullhead City,40277,21106.83516647218
NC,Burlington,51430,24181.217188411436
ID,Caldwell,47223,11407.788577599898
CA,Campbell,40339,21373.60866655098
IL,Carol Stream,40008,6447.710457908418
AZ,Casa Grande,50132,24415.343493178014
WY,Casper,56801,12732.69836798648
CO,Castle Rock,50038,5679.483592469723
CA,Cathedral City,52867,12737.624605141204
TX,Cedar Hill,46633,16113.05298822722
TX,Cedar Park,52051,6451.749245931875
CA,Ceres,46167,19921.155803929214
CA,Cerritos,49856,16011.914313222082
NC,Chapel Hill,58586,9206.636397774213
VA,Charlottesville,43991,17569.048214407492
MI,Chesterfield Township,43474,10687.76740120532
MO,Chesterfield,47560,6879.10008410429
MA,Chicopee,55825,12431.168831168834
OH,Cleveland Heights,45761,17344.245099538908
TN,Cleveland,42068,29338.214319672916
CA,Coachella,42034,20510.776990055667
FL,Coconut Creek,54651,11577.830231834732
ID,Coeur d'Alene,45267,21843.506307022777
OH,Colerain Township,58345,9241.580255377496
TN,Collierville,44690,9653.390020138733
CA,Colton,53431,14683.423480750876
IN,Columbus,44817,22832.184215810965
CO,Commerce City,47590,14040.974994746799
NH,Concord,42815,14881.933901669974
TX,Conroe,59856,12738.739641807004
TX,Coppell,40053,8602.351883754027
FL,Coral Gables,48435,20085.475379374424
OR,Corvallis,55062,9796.0480912426
CA,Covina,48588,15266.115090145713
IL,Crystal Lake,40785,10412.161333823708
CA,Cupertino,59769,4786.762368451873
FL,Cutler Bay,41799,22665.614009904544
OH,Cuyahoga Falls,49470,10942.793612290277
CA,Cypress,48976,8954.99836654688
CA,Danville,43121,4926.138076575218
VA,Danville,43324,22152.61748684332
IL,De Kalb,43722,15693.701111568547
MI,Dearborn Heights,57228,8873.104074928357
AL,Decatur,56126,20018.35156611909
CA,Delano,54318,11597.99698074303
IL,Des Plaines,58644,5850.04433531137
TX,Desoto,50795,14836.69652524855
CA,Diamond Bar,56470,6315.919957499558
FL,Doral,47427,21757.43774643136
IL,Downers Grove,48185,8812.285981114452
UT,Draper,43600,9563.761467889908
CA,Dublin,47004,7377.457237681899
OH,Dublin,42343,6235.741444866921
IA,Dubuque,58460,4277.96784125898
GA,Dunwoody,47308,17622.389447873506
NJ,East Brunswick Township,48009,7670.853381657606
CT,East Hartford,51431,13345.453131379905
MI,East Lansing,48701,9351.758690786637
RI,East Providence,46994,8195.939907222199
CA,Eastvale,55439,6819.747830949333
MN,Edina,48932,7329.559388539197
WA,Edmonds,40609,12868.329680612675
NJ,Egg Harbor Township,43501,10072.412128456817
CA,El Centro,43643,27752.445982173547
IL,Elmhurst,44460,6616.959064327485
CT,Enfield,44806,8468.062313083068
OK,Enid,49755,17305.195457742942
TX,Euless,53228,11880.589163598108
MA,Everett,42476,12814.295131368302
NJ,Evesham Township,45849,6792.950773190254
OH,Fairfield,42727,16257.635687036302
NM,Farmington,45328,22845.92304977056
MA,Fitchburg,40809,16873.483790340364
MO,Florissant,52243,9152.230920888922
WI,Fond du Lac,43319,14846.37226159422
FL,Fort Pierce,42566,30874.17187426585
CA,Fountain Valley,56674,9807.142605074638
NY,Freeport Village,43248,11591.05623381428
TX,Galveston,49170,22873.296725645716
CA,Gardena,59802,8992.508611752115
TX,Georgetown,50304,7792.819656488552
CA,Gilroy,50042,15549.938052036292
CA,Glendora,50903,10435.33779934385
IL,Glenview,44909,5136.832260794051
ND,Grand Forks,53839,10729.396905588885
NE,Grand Island,49583,20069.58029969949
CO,Grand Junction,59516,16854.12326097184
TX,Grapevine,48095,12182.555359184946
MT,Great Falls,59360,16681.772237196765
NY,Greenburgh Town,43409,6782.23409891958
IN,Greenwood,51746,14938.352722915783
NJ,Hackensack,43499,9491.712453159844
MD,Hagerstown,40275,20380.881440099314
TX,Haltom City,44024,16098.037434126842
NY,Hamburg Town,45166,12951.335075056459
CA,Hanford,54787,13459.5798273313
PA,Harrisburg,49753,25475.24772375535
VA,Harrisonburg,50524,9221.558071411604
MS,Hattiesburg,46726,25520.69511620939
PA,Haverford Township,48599,5106.277906952818
NY,Hempstead Village,54380,9847.370356748805
TN,Hendersonville,52781,7666.963490650043
NC,Hickory,40361,35665.8655632913
CA,Highland,54403,12920.427182324504
NJ,Hoboken,50794,8876.048352167578
IL,Hoffman Estates,52148,5707.409680141138
MA,Holyoke,40260,35672.13114754099
NJ,Howell Township,51379,5144.31966367582
NC,Huntersville,48524,9649.245734069738
CA,Huntington Park,59079,13121.921494947444
KS,Hutchinson,42357,31001.723445947544
ID,Idaho Falls,58037,10949.394351878973
NY,Irondequoit Town,52045,12640.791622634259
NJ,Irvington,54274,18162.471901831446
NJ,Jackson Township,55400,4942.599277978339
MO,Jefferson City,43413,19599.65908829153
IN,Jeffersonville,45640,22870.727432077125
MO,Joplin,50654,32161.132388360253
FL,Jupiter,56674,8163.355330486644
NJ,Kearny,41310,11567.417090292907
TX,Keller,41137,4763.108636993461
OH,Kettering,56423,8424.401396593586
TN,Kingsport,49639,26923.18539857773
WA,Kirkland,50243,13833.369822661865
IN,Kokomo,45636,19533.482338504688
WI,La Crosse,51851,15681.471909895661
CA,La Mesa,58444,11453.01485182397
CA,La Mirada,49312,7188.513951979235
CA,La Puente,40479,7835.914918846809
WA,Lacey,43540,16257.464400551216
CA,Lake Elsinore,53912,14188.677845377653
AZ,Lake Havasu City,53513,9875.544260273204
MN,Lakeville,56805,4716.838306487105
OH,Lakewood,51721,8141.760600143075
WA,Lakewood,59416,19024.16857412145
VA,Leesburg,44889,10382.053509768539
UT,Lehi,49375,5504.810126582278
KS,Lenexa,49222,8271.301450570883
MA,Leominster,41262,18642.819058698075
CA,Lincoln,44378,5280.769750777412
NJ,Linden,40926,13158.383423740408
CO,Littleton,43229,13956.140553794907
UT,Logan,49672,8746.174907392495
IL,Lombard,43482,12651.671956211765
CA,Lompoc,43120,14930.194805194804
PA,Lower Merion Township,58252,6371.111721485957
PA,Lower Paxton Township,47578,10231.19929379125
AL,Madison,43860,12039.21568627451
NJ,Manchester Township,43491,5043.802165965372
CT,Manchester,58444,11171.719937033742
OH,Mansfield,47480,30013.05812973884
TX,Mansfield,58490,5787.656009574286
FL,Margate,55010,8307.944010179966
AZ,Maricopa,44881,8955.682805641585
GA,Marietta,57969,17985.820007245253
NJ,Marlboro Township,40430,4135.790254761317
OH,Mentor,47123,11510.72724571865
MS,Meridian,41347,27760.90163736184
MA,Methuen,48051,8211.691744188467
OH,"Miami Township, Clermont County",41213,9467.401062771456
PA,Middletown Township,45614,15697.154382426448
CT,Middletown,47878,8480.721834663102
OH,Middletown,48959,36595.927204395506
MI,Midland,42106,5584.239775803924
OK,Midwest City,55768,21073.91335532922
CT,Milford,52817,11700.588825567525
PA,"Millcreek Township, Erie County",53615,7952.438683204327
MN,Minnetonka,50758,6567.437645297295
ND,Minot,43460,9148.872526461111
IN,Mishawaka,48363,25284.20486735728
IL,Moline,43509,16164.701555999907
LA,Monroe,49474,34849.41585479242
OK,Moore,56661,15325.003088544148
NJ,Mount Laurel Township,42150,8375.326215895611
IL,Mount Prospect,54428,5245.829352539135
CA,National City,59920,12444.25901201602
NJ,New Brunswick,55717,12195.918660372956
CA,Newark,43539,16015.75598888353
OH,Newark,47787,20678.217925377197
NY,Niagara Falls,50356,28252.244022559382
IL,Normal,52797,10188.26827281853
NJ,North Brunswick Township,41163,9206.811942764132
FL,North Lauderdale,42352,15375.897242160938
FL,North Miami Beach,43084,24425.772908736424
FL,North Port,58568,7020.045075809316
CT,Norwich,40517,12938.519633733986
CA,Novato,52942,7506.3276793472105
MI,Novi,55623,7013.6454344425865
IL,Oak Lawn,56964,7513.341759707885
FL,Oakland Park,42701,28452.963630828322
FL,Ocala,57288,21158.357771261
WA,Olympia,47729,19622.032726434663
IL,Orland Park,57043,8451.343723156217
AZ,Oro Valley,41786,8017.996458143875
KY,Owensboro,57751,15849.076206472615
FL,Palm Beach Gardens,49679,13444.11119386461
CA,Palm Desert,50021,19392.055336758563
CA,Palm Springs,45996,23954.90912253239
CA,Paramount,54997,11770.09655072095
CO,Parker,47004,4598.332056846226
NJ,Parsippany-Troy Hills Township,53793,3697.878906177384
MA,Peabody,52113,9006.581850977684
PA,Penn Hills,42488,10768.687629448314
FL,Pensacola,52909,25041.297321816703
NJ,Perth Amboy,51345,11022.884409387476
CA,Petaluma,58995,5683.193490973812
TX,Pflugerville,49483,7048.885475819977
AR,Pine Bluff,48522,33444.0047813363
FL,Pinellas Park,49821,23954.95875233335
NJ,Piscataway Township,56593,3684.2012263000724
MA,Pittsfield,44868,13481.322991887313
CA,Placentia,51778,7556.877438294257
NJ,Plainfield,50332,14234.284351903361
ID,Pocatello,55182,10791.200028994963
TX,Port Arthur,54745,18351.63028587086
FL,Port Orange,57300,9082.198952879582
MI,Portage,46658,15792.57576407047
CA,Porterville,55533,13015.504294743665
NY,Poughkeepsie Town,42698,15808.468780739146
CA,Poway,48968,5446.822414638131
AZ,Prescott,40420,15571.004453240968
IL,Quincy,40684,18028.21748107364
CA,Rancho Palos Verdes,42335,5948.033541986536
CA,Rancho Santa Margarita,49038,2877.7682613483416
WA,Redmond,55770,7896.360050206204
MA,Revere,52926,10809.998866341684
WA,Richland,50057,10791.697464890025
CA,Rocklin,58865,5575.63917438206
NC,Rocky Mount,58002,24564.325368090755
AR,Rogers,57757,13747.251415412851
CA,Rohnert Park,41716,11055.9497554895
CA,Rosemead,54656,7069.855093676815
MI,Roseville,47400,19245.569620253165
NM,Roswell,48623,24710.322275466344
TX,Rowlett,58324,6337.871202249502
MI,Royal Oak,57649,6499.332165345453
MI,Saginaw Township,40642,10957.87608877516
MI,Saginaw,51267,22645.75652954142
MA,Salem,42025,12615.585960737657
KS,Salina,48155,21682.691309313683
WA,Sammamish,47158,3228.296365409898
CA,San Bruno,42002,11858.24484548355
CA,San Gabriel,40376,7827.174559144046
CA,San Jacinto,45637,15518.3294256853
CA,San Luis Obispo,45947,19799.76929941019
TX,San Marcos,47384,15330.069221678203
CA,San Rafael,58854,11409.2500084956
FL,Sanford,54662,22001.75624748454
CA,Santee,54700,8442.413162705667
FL,Sarasota,53055,23603.618886061635
NJ,Sayreville,43151,6627.192880813887
WI,Sheboygan,49261,13904.102636974483
CT,Shelton,40062,5657.73051769757
WA,Shoreline,54574,11771.356323524022
AZ,Sierra Vista,46612,15381.875911782376
GA,Smyrna,52537,11253.212022003541
TN,Smyrna,41284,12826.034299002034
NJ,South Brunswick Township,43875,5735.384615384614
UT,South Jordan,52071,7759.789518157901
NY,Southampton Town,50256,8465.058898439987
MS,Southaven,49938,11797.428811726542
CT,Southington,43219,8341.470186723433
MI,St. Clair Shores,59841,7461.439481292091
MN,St. Louis Park,46176,14121.405058905058
MO,St. Peters,53364,10590.660370287083
PA,State College,57020,5167.309715889161
OK,Stillwater,46331,14833.264984567568
CT,Stratford,52041,11202.705559078417
IL,Streamwood,40050,9189.513108614232
OH,Strongsville,44397,8208.662747482938
SC,Summerville,45209,13719.392156429029
SC,Sumter,40911,30471.755762508856
MA,Taunton,56438,7026.11715510826
NJ,Teaneck Township,40230,7933.631618195376
TX,Texas City,46448,17131.415776782636
OR,Tigard,49359,14644.745639093173
IL,Tinley Park,56992,5430.762212240315
FL,Titusville,44374,20913.59805291387
NY,Tonawanda Town,58393,6974.123610706763
NY,Troy,50391,21321.466134825663
ID,Twin Falls,44866,14237.953015646593
OH,"Union Township, Clermont County",46833,15401.106057694358
NJ,Union Township,57234,6996.889960512982
IL,Urbana,41537,18442.593350506777
IA,Urbandale,40467,9098.771838782217
GA,Valdosta,56617,16047.476906229575
CT,Wallingford,45183,9100.767987960073
OH,Warren,41355,26767.98452424132
NJ,"Washington Township, Gloucester County",48940,10070.494483040458
CA,Watsonville,52064,13553.703134603566
WI,Wauwatosa,46748,18340.035937366305
NJ,Wayne Township,55071,8355.032594287371
NY,Webster Town and Village,42936,5316.051798024967
FL,Wellington,57943,9465.509207324441
OH,West Chester Township,58897,7898.874305991817
IA,West Des Moines,58134,11362.369697595212
CT,West Haven,55626,11414.806025959084
NJ,West New York,50507,7283.54485516859
NJ,West Orange,46505,6676.701429953769
CA,West Sacramento,49500,13451.717171717173
NY,West Seneca Town,44902,8868.201861832436
MA,Westfield,41485,9831.505363384356
MA,Weymouth,54597,6662.270820741066
IL,Wheaton,53263,4173.253478024145
NY,White Plains,57567,8919.693574443692
PA,Wilkes-Barre,41532,16406.626215929886
NC,Wilson,49785,20842.82414381842
CA,Woodland,56323,12054.4005113364
RI,Woonsocket,41147,17471.504605439037
TX,Wylie,43645,6730.209646007561
PA,York,43955,22452.735752474124
CA,Yucaipa,52622,7677.397286306108
CA,Alameda,75467,1599.5203201399288
GA,Albany,78512,1682.290605257795
NY,Albany,98187,2743.540387220304
CA,Alhambra,84469,1230.6289881494986
TX,Allen,88783,468.10763321807104
GA,Alpharetta,60031,660.6586596924923
CA,Apple Valley,70823,2669.3305846970616
WI,Appleton,73431,1311.2990426386675
IL,Arlington Heights,75463,419.5433523713608
NC,Asheville,85295,2644.4691951462573
WA,Auburn,72218,2074.4135811016645
AZ,Avondale,78364,2273.110101577255
CA,Baldwin Park,76644,2120.974896926047
NJ,Bayonne,64036,2636.01724030233
TX,Baytown,74420,1446.2510077936038
OR,Beaverton,92276,690.5370843989771
CA,Bellflower,77886,2512.2615104126544
WA,Bellingham,82665,1744.2690376822115
PA,Bensalem Township,60665,1589.549163438556
PA,Bethlehem,75388,1646.9464636281634
ND,Bismarck,64103,2090.6977832550742
IL,Bloomington,77107,1925.895184613589
IN,Bloomington,81636,1889.1175461806065
MN,Bloomington,84596,595.1818052863019
FL,Boca Raton,86493,1229.9261211889977
IL,Bolingbrook,73836,1025.380573162143
LA,Bossier City,63116,2404.936941504531
FL,Boynton Beach,69937,3221.899709738765
NJ,Brick Township,75809,770.7528129905421
CT,Bristol,60688,1772.838122857896
MA,Brockton,95156,2333.6415990583882
MN,Brooklyn Park,77346,1412.4841620769012
TX,Bryan,78479,1961.4164298729597
CA,Buena Park,82505,1561.602327131689
MN,Burnsville,61218,1006.0766441242772
CA,Camarillo,66506,700.839022043124
NJ,Camden,77665,2652.6749501062254
OH,Canton,72914,3609.5948651836406
IN,Carmel,81819,2446.619978244662
CA,Carson,93233,2520.459493956003
IL,Champaign,81329,3454.610286613631
NY,Cheektowaga Town,79178,1236.3282730051276
NJ,Cherry Hill Township,71337,1151.5763208433211
WY,Cheyenne,60969,1697.2559825485082
CA,Chico,87090,2104.2599609599265
CA,Chino Hills,76632,1845.8346382712182
CA,Chino,79792,2166.0066172047323
IL,Cicero,84300,2468.2087781731907
CA,Citrus Heights,85112,2426.684838800639
NY,Clarkstown Town,80186,441.72299403885967
NJ,Clifton,84684,1209.083179821454
MI,Clinton Township,97001,1317.821465758085
CA,Clovis,97828,1857.9547777732346
TX,College Station,96567,1735.1683287251337
NY,Colonie Town,77853,597.1510410645703
CA,Compton,98057,2715.5633967998206
AR,Conway,60700,2754.8599670510707
MN,Coon Rapids,62301,806.4076018041443
IA,Council Bluffs,62708,3094.8204375837213
RI,Cranston,80315,1249.4552698748678
CT,Danbury,81891,863.4648496171741
FL,Davie,94952,1825.6592804785578
CA,Davis,66628,1502.3713753977306
FL,Daytona Beach,61861,2772.667755128433
MI,Dearborn,97215,1547.9092732602994
IL,Decatur,76131,1356.2149452916683
FL,Deerfield Beach,77431,2498.4825199209617
FL,Delray Beach,62044,4244.729546773258
AL,Dothan,66275,1748.4722746133534
MN,Duluth,86830,1484.279626857077
MN,Eagan,65180,590.8254065664313
NJ,East Orange,64682,4524.751862960328
MN,Eden Prairie,62052,365.9833687874686
TX,Edinburg,80332,1430.189712692327
OK,Edmond,83473,746.3491188767625
CA,Encinitas,60960,1794.94750656168
IL,Evanston,74820,1679.0964982624967
CT,Fairfield,60122,1015.1026246631848
MA,Fall River,89753,2483.928113823493
MI,Farmington Hills,80316,782.7830071218686
AR,Fayetteville,75387,2486.3703291018346
WA,Federal Way,91978,1643.1103089869318
IN,Fishers,79375,1347.4015748031497
AZ,Flagstaff,66633,1857.9382588207045
TX,Flower Mound,68023,2524.4402628522707
CA,Folsom,73678,891.7180162327967
FL,Fort Myers,64379,3525.2178505413253
AR,Fort Smith,87483,2034.4524078963912
MA,Framingham,69605,1366.424825802744
NJ,"Franklin Township, Somerset County",62885,1486.8410590760914
TN,Franklin,64848,753.7626449543548
MD,Frederick,66808,2540.7136869835945
IN,Gary,80472,3445.2977433144447
NC,Gastonia,72782,2074.688796680498
NJ,Gloucester Township,64898,2070.3257419334955
AZ,Goodyear,67033,1762.7138871898915
NY,Greece Town,96752,795.8491814122705
CO,Greeley,96276,1656.0721259711663
NC,Greenville,86869,1363.6625263327537
SC,Greenville,60953,4925.762472724887
CT,Greenwich,61948,2037.5153354426293
CT,Hamden,61032,2515.4017564556298
NJ,"Hamilton Township, Mercer County",89111,1255.6250070137244
OH,Hamilton,62791,2409.4217324138813
IN,Hammond,81010,2588.939637081842
TX,Harlingen,67112,2795.4762188580285
MA,Haverhill,61897,3536.681907039113
CA,Hawthorne,85692,3155.370396303039
CA,Hemet,81213,1957.4452366000514
CA,Hesperia,92383,2485.1974930452575
OR,Hillsboro,94119,900.6683028931459
FL,Homestead,62785,1369.9131958270286
AL,Hoover,82332,958.9224116989748
CA,Indio,78501,2253.856638768933
IA,Iowa City,69214,1707.4580287225124
TN,Jackson,65725,831.0384176492963
WI,Janesville,63642,1881.304798717828
GA,Johns Creek,80037,1776.428401864138
TN,Johnson City,64342,3080.10319853284
AR,Jonesboro,68807,1461.4792099641024
CA,Jurupa Valley,97577,2120.4792112895457
MI,Kalamazoo,74797,2616.682487265532
LA,Kenner,67110,1807.4802562956338
WA,Kennewick,76971,1747.0216055397489
WI,Kenosha,99993,1353.0947166301642
FL,Kissimmee,62183,3274.0459611147744
CA,La Habra,61731,1718.747468856814
IN,Lafayette,68160,2178.2570422535214
CA,Laguna Niguel,64533,2060.0313018145757
CA,Lake Forest,79166,804.2594042897204
FL,Lakeland,99934,1116.436848319891
NJ,Lakewood Township,93742,1505.5151372917155
CA,Lakewood,81382,1713.6467523531003
PA,Lancaster,60155,4087.274540769679
FL,Largo,78783,2403.945013518145
NM,Las Cruces,99824,2000.0200352620614
FL,Lauderhill,69046,2850.708223503172
KS,Lawrence,89180,1945.167077820139
MA,Lawrence,77661,4559.560139581
OK,Lawton,98781,2192.2232008179712
UT,Layton,69420,1168.2512244309996
TX,League City,86127,709.0691653024023
MO,Lee's Summit,91840,698.3885017421603
CA,Livermore,82800,1586.9565217391305
MI,Livonia,96028,883.8047236222769
CA,Lodi,63718,2209.2658275526537
CO,Longmont,88925,1062.2434635929155
TX,Longview,82554,1822.4434915328147
OH,Lorain,64148,1866.153270561826
CO,Loveland,69147,1177.491431298538
VA,Lynchburg,77347,1618.1623075232392
MA,Lynn,91846,2943.514143239771
CA,Lynwood,70908,4882.805889321375
GA,Macon,92836,1933.0863027273901
CA,Madera,62796,4818.300528696095
MA,Malden,60605,2638.5611748205592
CA,Manteca,68887,2880.8047962605424
MN,Maple Grove,62840,524.1884150222788
WA,Marysville,61381,2205.8943321223182
OR,Medford,76037,2601.233609953049
FL,Melbourne,77133,3501.0955103522488
CA,Menifee,80047,1571.701625295139
CA,Merced,80976,1898.71072910492
CT,Meriden,60934,2782.0264548527916
ID,Meridian,77270,710.1074155558431
FL,Miami Beach,91066,1670.1073946368567
NJ,Middletown Township,66919,1833.4105411019295
CA,Milpitas,68433,1783.0578814314733
CA,Mission Viejo,95599,1469.471437985753
TX,Mission,80557,1217.2747247290738
MT,Missoula,67758,2014.9650225803596
TX,Missouri City,70819,2095.482850647425
CA,Montebello,63538,3341.3075639774625
CA,Monterey Park,61270,3121.7561612534682
SC,Mount Pleasant,70016,1093.3215265082267
NY,Mount Vernon,68146,3628.239368414874
CA,Mountain View,75933,1044.0783322139255
IN,Muncie,70300,2850.924608819346
ID,Nampa,83316,1434.7784339142543
CA,Napa,78589,1622.1099644988485
NH,Nashua,86870,1148.9582134223554
MA,New Bedford,96031,2450.562839083213
TX,New Braunfels,60482,1700.1752587546707
CT,New Britain,73458,1903.2644504342618
NY,New Rochelle,78025,996.9881448253764
CA,Newport Beach,87286,973.6956671172924
MA,Newton,86710,1391.304347826087
NJ,North Bergen Township,61747,2384.0834372520117
AR,North Little Rock,63125,3189.8613861386134
FL,North Miami,60964,3608.0309690965164
TX,North Richland Hills,65750,1658.7072243346008
PA,Northern York Regional,66974,613.0737301042195
CT,Norwalk,86693,1204.24947804321
MO,O'Fallon,80670,451.8408330234288
UT,Ogden,85083,2287.6485314340116
NJ,Old Bridge Township,66057,719.5301027900147
UT,Orem,91953,429.3497765162638
WI,Oshkosh,66514,1715.7290194545508
IL,Palatine,68890,236.02845115401365
CA,Palo Alto,66019,1103.6216846665354
OH,Parma,80963,1546.8794387559751
WA,Pasco,63806,2394.915838635865
NJ,Passaic,70237,3287.725842504662
RI,Pawtucket,71085,3229.51396215798
TX,Pearland,94702,675.8041012861397
CA,Perris,70616,2893.820097428345
TX,Pharr,73599,2281.824481310887
CA,Pico Rivera,63988,3026.192411077077
CA,Pittsburg,64890,2009.0923100631837
FL,Plantation,87705,1881.1926343994073
CA,Pleasanton,71875,739.6173913043478
MN,Plymouth,72020,620.6609275201332
ME,Portland,66413,1902.3383976028788
VA,Portsmouth,96739,1210.6802840633043
MA,Quincy,93736,1608.2401638644703
WI,Racine,79055,1404.8447283536777
NY,Ramapo Town,85448,2180.390412882689
CA,Rancho Cordova,66214,3487.3289636632735
SD,Rapid City,69979,3412.166507094986
PA,Reading,88557,2795.1488871574243
CA,Redding,90974,2310.110581045134
CA,Redlands,70399,2925.467691302433
CA,Redondo Beach,67856,1635.374911577458
CA,Redwood City,78466,1778.7321897382305
WA,Renton,93722,2367.960564221848
NM,Rio Rancho,89462,1153.3388477789451
VA,Roanoke,97780,2376.252812436081
SC,Rock Hill,68064,3153.649506346968
GA,Roswell,92141,891.676886510891
CA,San Clemente,65089,2334.3422083608593
CA,San Leandro,86869,3134.1445164558136
CA,San Marcos,85810,1424.5425941032515
CA,San Mateo,99303,963.4150025678982
CA,San Ramon,74013,1716.1849945279885
GA,Sandy Springs,97890,1307.5901522116662
UT,Sandy,90405,1087.6610806924398
CA,Santa Barbara,89871,1754.4035339542231
CA,Santa Cruz,60902,4467.340974023841
NM,Santa Fe,68751,1768.5560937295456
CA,Santa Monica,91215,1867.5656416159622
IL,Schaumburg,74585,713.5483005966348
NY,Schenectady,66631,3139.8298089477867
PA,Scranton,76118,2176.489135289945
KS,Shawnee,63542,1141.9218784426046
MI,Shelby Township,73960,692.9421308815577
IA,Sioux City,83289,1979.1328987021097
IL,Skokie,65096,1446.4790463315721
MA,Somerville,77200,1701.2953367875648
CA,South Gate,95966,2642.810995560928
CA,South San Francisco,65006,1801.0645171214965
MI,Southfield,72253,3300.485792977454
NV,Sparks,92387,1543.0742420470415
WA,Spokane Valley,91164,2061.230310210171
AR,Springdale,71668,2466.7913155104093
OH,Springfield,60329,2519.5179764292466
OR,Springfield,60119,2346.346412947654
MO,St. Charles,66723,1096.1737331954498
UT,St. George,75780,1225.917128529955
MO,St. Joseph,77330,1700.762963920859
TX,Sugar Land,82924,788.071004775457
FL,Sunrise,87168,1845.1725403817916
FL,Tamarac,62382,2803.3727677855786
MI,Taylor,62534,3638.820481657978
TX,Temple,68194,1060.210575710473
IN,Terre Haute,61152,1778.192046049189
NJ,Toms River Township,92131,989.6777414768104
CA,Tracy,85047,1190.4006020200595
NJ,Trenton,85317,2362.952283835578
MI,Troy,81567,613.2381968197923
CA,Tulare,60848,2927.7872732053643
CA,Turlock,69730,4160.762942779292
AL,Tuscaloosa,91973,1368.771269829189
CA,Tustin,77400,1000.0
CA,Union City,71089,2388.55519137982
NJ,Union City,67518,1917.266506709322
CA,Upland,75531,2269.9289033641817
PA,Upper Darby Township,82978,1989.8045265010003
NY,Utica,62445,3877.492193129955
CA,Vacaville,93951,1113.5591957509764
TX,Victoria,64076,3670.485049004307
NJ,Vineland,61252,1313.9162802847254
CA,Vista,96087,1837.9177203992215
CA,Walnut Creek,65816,1742.8892670475268
MA,Waltham,61725,2994.7347104090722
GA,Warner Robins,69231,1836.171657205587
RI,Warwick,82282,934.9553972922389
MI,Waterford Township,72224,1293.8912272928667
IA,Waterloo,68919,2181.2562573455793
IL,Waukegan,89468,1909.9566325390085
WI,Waukesha,71049,948.7818266266943
WI,West Allis,60870,2877.4437325447675
MI,West Bloomfield Township,65157,1794.8954064797338
CT,West Hartford,63487,1089.3568762108775
MI,Westland,83299,2278.538757968283
CA,Westminster,91908,1606.3889976933456
FL,Weston,67452,3178.4083496412254
CA,Whittier,86740,1645.3769887018682
DE,Wilmington,72088,3065.4200421706805
MN,Woodbury,63190,648.678588384238
WA,Yakima,93419,1297.1665292927562
CA,Yorba Linda,65820,2061.3795199027645
PA,York Area Regional,60732,2128.367252848581
OH,Youngstown,66567,2166.3887511830185
CA,Yuba City,65653,2735.290085753888
AZ,Yuma,95568,2416.3946090741674
TX,Abilene,119886,1497.2557262732928
OH,Akron,198390,1076.9696053228488
VA,Alexandria,145892,513.5991007046308
PA,Allentown,119334,1175.6079574974442
TX,Amarillo,196576,824.2613543871073
NY,Amherst Town,117591,308.8671752089871
MI,Ann Arbor,115008,969.2369226488593
CA,Antioch,105009,968.583645211363
CO,Arvada,109029,763.0080070439974
GA,Athens-Clarke County,117457,1667.8444026324526
IL,Aurora,199765,550.2965985032412
LA,Baton Rouge,231500,557.7105831533478
TX,Beaumont,120323,1050.6719413578453
WA,Bellevue,126022,740.5849772261987
CA,Berkeley,114961,1956.5765781438922
MT,Billings,106371,1718.0434516926607
AL,Birmingham,213266,940.7969390338826
ID,Boise,211569,492.3689198323006
CO,Boulder,100257,1092.4922948023577
CT,Bridgeport,146030,1878.1757173183596
OK,Broken Arrow,100688,787.9787064992848
TX,Brownsville,181102,700.3235745601926
CA,Burbank,105057,967.6651722398318
MA,Cambridge,106981,1285.2749553659062
FL,Cape Coral,159625,562.0046985121379
CA,Carlsbad,107879,1010.4839681495007
TX,Carrollton,124477,913.9037733878547
NC,Cary,141016,333.50825438248137
IA,Cedar Rapids,128401,1171.7977274320292
CO,Centennial,104022,617.3694026263676
AZ,Chandler,242721,451.3412518900301
SC,Charleston,123856,782.9253326443613
VA,Chesapeake,227531,577.7234750429611
CA,Chula Vista,249830,495.13669295120684
TN,Clarksville,137356,1533.460496811206
FL,Clearwater,109255,2135.3713788842615
MO,Columbia,110646,1534.8046924425646
GA,Columbus,196178,736.3720702627205
CA,Concord,125205,1462.0821852162453
FL,Coral Springs,125021,754.993161148927
CA,Corona,157342,725.8074767067916
CA,Costa Mesa,112635,1211.612731389
CA,Daly City,103311,1015.671128921412
IA,Davenport,101193,2328.125463223741
OH,Dayton,142139,1713.1118130843754
TX,Denton,118942,1079.265524373224
IA,Des Moines,207400,690.4532304725168
CA,Downey,113628,1851.8322948569012
NC,Durham,235563,743.1982102452422
NJ,Edison Township,101007,682.2299444592949
CA,El Cajon,101864,1558.4504829969371
CA,El Monte,115356,2269.496168383092
IL,Elgin,109155,797.3065823828501
NJ,Elizabeth,126281,2613.6948551246824
CA,Elk Grove,156344,781.4178989919665
PA,Erie,101972,980.9555564272547
CA,Escondido,147386,1278.8867327968735
OR,Eugene,158043,1125.0102820118575
IN,Evansville,118194,1912.7028444760313
WA,Everett,105318,1741.772536508479
CA,Fairfield,107110,1813.929605078891
ND,Fargo,109813,1155.8740768397183
NC,Fayetteville,205966,737.4032607323539
MI,Flint,101632,1261.5121221662469
CA,Fontana,200874,943.0289634298117
CO,Fort Collins,148792,687.4697564385182
FL,Fort Lauderdale,170827,1259.7540201490397
CA,Fremont,218927,494.320024483047
TX,Frisco,123205,454.5270078324743
CA,Fullerton,138455,1027.1207251453538
FL,Gainesville,127036,1827.985767813848
CA,Garden Grove,175079,730.7558302252127
TX,Garland,234984,704.3032717121166
AZ,Gilbert,214264,283.10868834708583
AZ,Glendale,232997,647.3044717313957
CA,Glendale,194902,339.811802854768
TX,Grand Prairie,181782,886.0613262039145
MI,Grand Rapids,189953,886.2718672513728
WI,Green Bay,106080,1595.965309200603
OR,Gresham,108202,2222.5097502818803
VA,Hampton,137905,866.6110728399988
CT,Hartford,125203,2237.2467113407824
CA,Hayward,147424,1744.3564141523766
FL,Hialeah,233107,626.6650079148202
NC,High Point,106801,1225.6439546446195
FL,Hollywood,145313,921.5968289141371
CA,Huntington Beach,194677,460.1468072756412
AL,Huntsville,183691,1215.6284194652978
MO,Independence,117433,1346.6402118654892
CA,Inglewood,111488,2288.1386337543054
CA,Irvine,217528,195.46908903681367
TX,Irving,224007,569.0000758904855
MS,Jackson,175939,1444.7052671664612
IL,Joliet,148471,963.4204659495795
KS,Kansas City,147201,1366.9744091412422
WA,Kent,122102,1307.922884146042
TX,Killeen,131965,1087.561095745084
TN,Knoxville,182254,1343.3450020301339
LA,Lafayette,122852,1192.084784944486
CO,Lakewood,146404,1342.2447474112728
CA,Lancaster,159155,1249.4109515880746
MI,Lansing,114688,1839.773995535714
TX,Laredo,245558,691.7306705544108
AR,Little Rock,196055,955.8542245798373
MA,Lowell,108539,1964.2709072315024
TX,Lubbock,237241,829.4940587841056
WI,Madison,237508,646.8834733987908
NH,Manchester,110040,1856.4158487822613
TX,McAllen,135745,567.6083833658698
TX,McKinney,138105,552.6230042359074
TX,Mesquite,144811,749.1834183867248
FL,Miami Gardens,111177,1840.5785369276016
TX,Midland,115637,1115.1275110907409
FL,Miramar,125998,1358.6723598787285
CA,Modesto,204631,1189.0182816875251
AL,Montgomery,209018,630.6155450726731
CA,Moreno Valley,199673,579.1469051899857
TN,Murfreesboro,112247,1991.4117971972526
CA,Murrieta,106839,593.9778545287769
IL,Naperville,142840,261.6914029683562
CT,New Haven,129934,1530.5462773408037
VA,Newport News,181591,848.7755450435319
VA,Norfolk,245303,939.3280962727728
OK,Norman,113969,880.7658222850073
SC,North Charleston,100675,2829.7988577104543
NV,North Las Vegas,221884,1198.7795424636297
CA,Norwalk,107295,1683.5826459760474
CA,Oceanside,171141,936.1871205614084
TX,Odessa,103635,2099.5802576349693
KS,Olathe,128560,528.858120721842
CA,Ontario,167933,1101.0343410765008
CA,Orange,139692,542.6939266386049
FL,Orlando,246513,627.3097159176189
KS,Overland Park,177085,449.9534122031792
CA,Oxnard,201797,638.4634062944444
FL,Palm Bay,104635,1792.0389926888706
CA,Palmdale,155294,1222.7774414980615
CA,Pasadena,139382,1033.2037135354637
TX,Pasadena,154562,1158.1760070392463
NJ,Paterson,147148,1135.727294968331
FL,Pembroke Pines,159744,603.1525440705128
AZ,Peoria,158347,712.7384794154609
IL,Peoria,115288,1557.317327041843
CA,Pomona,151511,1765.6143778339526
FL,Pompano Beach,103003,1378.9889614865585
FL,Port St. Lucie,168416,598.2804484134524
RI,Providence,177882,1084.033235515679
UT,Provo,116879,521.2228030698416
CO,Pueblo,109065,1754.550038967588
CA,Rancho Cucamonga,169276,899.4187008199627
NV,Reno,230486,921.9648915769287
CA,Rialto,101595,2703.971652148236
TX,Richardson,103266,1098.0380764239924
CA,Richmond,106357,1027.1068194853183
VA,Richmond,207799,1311.0265208206008
MN,Rochester,108582,631.9647823764527
NY,Rochester,211993,1059.1859165161113
IL,Rockford,152293,1062.4257188445956
CA,Roseville,122896,885.8709803411014
TX,Round Rock,106232,616.6691768958507
OR,Salem,157353,1171.5696554879792
CA,Salinas,154413,1826.0768199568688
UT,Salt Lake City,192465,1654.8463356973998
CA,San Bernardino,214987,874.9366240749441
CA,Santa Clara,119360,1035.4390080428955
CA,Santa Clarita,179248,499.25243238418284
CA,Santa Maria,101207,2432.934480816544
CA,Santa Rosa,170862,792.2182814200936
GA,Savannah-Chatham Metropolitan,231285,840.8240914888559
AZ,Scottsdale,223432,431.4511797772925
LA,Shreveport,202164,872.0147998654558
CA,Simi Valley,126686,501.0024785690605
SD,Sioux Falls,158354,981.0298445255567
IN,South Bend,101398,1487.1101994122173
WA,Spokane,212163,1073.6556326975015
IL,Springfield,117131,1835.3808983104389
MA,Springfield,154518,990.9525103871395
MO,Springfield,160962,1637.5914812191697
FL,St. Petersburg,248340,868.12434565515
CT,Stamford,124201,753.214547386897
MI,Sterling Heights,129974,581.885607890809
CA,Sunnyvale,143606,581.3823934933082
AZ,Surprise,120793,658.6474381793647
NY,Syracuse,145934,1467.9238559896942
WA,Tacoma,202646,1250.703196707559
FL,Tallahassee,185461,1072.2469953251627
CA,Temecula,103414,929.5646624248167
AZ,Tempe,166061,1267.3656066144372
CO,Thornton,123115,982.9833895138692
CA,Thousand Oaks,129171,408.683063535933
KS,Topeka,128843,2058.9399501719145
CA,Torrance,147851,570.4391583418442
TX,Tyler,100040,1202.019192323071
CA,Vallejo,117912,1263.060587556822
WA,Vancouver,166375,1199.0383170548462
CA,Ventura,108511,1426.7677931269639
CA,Victorville,118687,1419.1107703455307
CA,Visalia,127604,1744.7728911319393
TX,Waco,128595,861.6975776663166
MI,Warren,134340,1755.3223165103468
CT,Waterbury,110486,1499.9185417156925
CA,West Covina,107861,1419.048590315313
UT,West Jordan,107103,958.9834084946267
FL,West Palm Beach,102422,1864.638456581594
UT,West Valley,133725,1562.834174612077
CO,Westminster,109461,1044.9383798795918
TX,Wichita Falls,105488,1060.3101774609434
NC,Wilmington,109370,1345.0672030721403
NC,Winston-Salem,234687,688.8749696404145
NJ,Woodbridge Township,100612,688.5858545700314
MA,Worcester,183247,1185.6128613292442
NY,Yonkers,198464,1226.5196710738471
AL,Mobile3,248431,511.5987940313407
AK,Anchorage,296188,665.9250205950275
AZ,Chandler,249355,289.9721280904734
AZ,Gilbert,242090,142.98401420959146
AZ,Glendale,249273,646.4719404026911
AZ,Mesa,492268,199.3995140858232
AZ,Phoenix,1608139,125.39463317536605
AZ,Scottsdale,251840,243.28541931385004
AZ,Tucson,1532323,137.98069989160248
CA,Anaheim,353400,336.3695529145445
CA,Bakersfield,381154,587.8411350792593
CA,Chula Vista,271109,641.3619614251094
CA,Fremont,236368,357.0787923915251
CA,Fresno,526371,347.5343436473514
CA,Irvine,276115,131.1627401626134
CA,Long Beach,471397,392.5014372174622
CA,Los Angeles,3898747,43.38675990003968
CA,Oakland,424915,461.85943070967136
CA,Riverside,328023,478.1646408940837
CA,Sacramento,499997,367.72220633323803
CA,San Bernardino,217259,1060.9871167592598
CA,San Diego,1386932,72.55582825978492
CA,San Francisco,881255,210.82773998445398
CA,San Jose,1013240,155.57321069045832
CA,Santa Ana,335699,408.9824515414105
CA,Santa Clara,216350,736.2098451583082
CA,Stockton4,309566,915.775634275082
CO,Aurora,368018,455.3391410202762
CO,Colorado Springs,472958,323.5276705331129
CO,Denver,706616,296.2910548303464
DC,"Washington, D.C.",693972,227.0999406316105
FL,Hialeah,238260,312.6794258373206
FL,Jacksonville,894638,178.85334626966437
FL,Miami,463009,358.52866790926305
FL,Orlando,283982,732.8351796944877
FL,St. Petersburg,263712,667.2013408566921
FL,Tampa,384360,245.44437506504318
GA,Atlanta,481343,486.2063019509995
GA,Savannah,242941,578.9595004548429
HI,Honolulu,990384,98.93334302654324
ID,Boise,225677,344.2043274237073
IL,Chicago,2746388,73.44009659232417
IN,Fort Wayne,266259,407.0923424184722
IN,Indianapolis,870788,221.2398425334295
IA,Des Moines,217277,584.2081766592875
KS,Wichita,391084,644.472798682636
KY,Lexington,322332,436.1962200464118
KY,Louisville Metro6,684362,297.2125863212744
LA,Baton Rouge,227403,675.276931263
LA,New Orleans,397447,586.0806598112454
MD,Baltimore,613217,475.00640067056196
MA,Boston,682903,169.0562202831149
MI,Detroit,670792,99.38699328554904
MN,Minneapolis,418971,619.2982330519296
MN,St. Paul,306696,690.7100190416569
MO,Kansas City,484948,499.16073475919063
MO,St. Louis,310284,555.9004009230254
NE,Omaha,449388,420.7499977747515
NV,Henderson,299285,257.3399936515362
NV,Las Vegas,627244,308.12729974300277
NV,North Las Vegas,242537,976.3005232191377
NV,Reno,248531,723.8372677855076
NJ,Jersey City,267906,419.78529782834283
NJ,Newark,283673,771.5820680854366
NM,Albuquerque,561375,243.89044756179024
NY,Buffalo,256169,913.1003361062421
NY,New York,8804190,8.340574203873382
NC,Charlotte-Mecklenburg,914609,182.90220192453828
NC,Durham,269088,726.2977167320728
NC,Greensboro,290051,609.4204122723245
OH,Cincinnati,309317,466.6992114885376
OH,Cleveland,372624,671.8354158615656
OH,Columbus,905748,204.35485366790763
OH,"Toledo4,5,7",270871,452.1561924310834
OK,Oklahoma City,648260,335.3068213371178
OK,Tulsa,404868,476.9455723840856
OR,Portland,649408,198.9673672021287
PA,Philadelphia,1603797,108.49502773730092
PA,Pittsburgh,305932,473.7457997201993
TN,Memphis,652765,201.71118243165614
TN,Nashville,674942,320.0112009624531
TX,Arlington4,397377,332.09018136429637
TX,Austin,971949,111.85772092980187
TX,Corpus Christi,329256,491.9333284738926
TX,Dallas,1304379,163.27233112461943
TX,El Paso,688667,100.02802515584456
TX,Fort Worth,873069,168.7644390076844
TX,Garland,236243,499.367177016885
TX,Houston,2304580,102.02509784863186
TX,Irving,242062,384.3395493716486
TX,Laredo,260669,287.575430910465
TX,Plano,290413,181.055944465296
TX,San Antonio,1434625,135.45630391217216
VA,Chesapeake,240119,336.2999179573461
VA,Norfolk,245190,539.7650801419308
VA,Virginia Beach,454353,91.50374268465268
WA,Seattle,721365,160.32798929806688
WA,Spokane,217066,667.8982429307216
WI,Madison,255850,355.4895446550713
WI,Milwaukee,595168,417.95425829345663
